149,9278281f-7764-4f31-9d17-feb49e23f7aa,吉田 結衣,Sonia57@yahoo.com,Ep6cTpqsr1NPvkt,07-1729-7655
340,72869cdb-f0a5-41a5-b081-400f52d05471,佐藤 大翔,Noemy_Cassin86@gmail.com,s9uDi38pqjEDMgY,0052-63-7913
6,b2c50600-eed8-44bc-bb90-e4c4a1d05689,鈴木 大翔,Sydnee_Lebsack@hotmail.com,wnc3rN7tyMrLf40,0148-17-1732
39,d1a83d38-6496-4c33-bcca-3b538b73e901,吉田 陽翔,Merlin48@gmail.com,t9pDBrxRkUQo5Kd,06-7826-0471
160,b97c3549-1a41-4a52-97c0-183e81916c37,吉田 莉子,Mathew.Kuvalis@gmail.com,Z6lU51xxrG6upsI,023-884-7855
31,cf7502be-6091-4437-8243-bf5faa279c6d,松本 太一,Donnie.Kuhic@yahoo.com,Qzm_2sxZX920m86,04-5778-9336
130,69009e73-f72d-4355-87f2-62b9e436625f,林 結衣,Tod24@hotmail.com,duYBPSXGzfR0u8R,00496-4-2723
34,cd04603f-8994-44df-a541-deb1aeb59d6b,中村 大翔,Krystal_Reichert@yahoo.com,MlOvZfJJlSPlKxW,00-5386-0637
117,709defd3-539b-4b69-b827-b04566b3804e,高橋 大翔,Shanelle.Sauer@gmail.com,Z6SAWXcd5xbpyjO,00-4083-1996
64,3c643c5f-8705-42ce-a0ad-7ed87215987c,佐藤 大翔,Magdalena_Lubowitz@hotmail.com,HBfxIyWlJNa5izC,077-394-5660
7,8931d50e-df59-4303-b30e-aacb0841b220,山口 美羽,Gaetano43@yahoo.com,eNRTp1IOT0JLCFN,03-5867-8718
330,b5f870e9-8b36-462f-b258-8d462c233cec,佐々木 樹,Rachel.Leuschke18@hotmail.com,zDyxx0uX4krKop4,0329-96-7543
250,64fd8922-e9af-406d-afe7-150b008427bf,松本 海翔,Rhiannon_Adams80@gmail.com,GpsQCtfoZub1EB9,00-5069-5626
44,83967785-b175-451b-9437-22bc619ba3da,木村 結愛,Danyka_Buckridge93@hotmail.com,x4PtLHbBH9_3JXS,018-826-3008
151,7566e0b9-2227-42ab-9c08-567264dcaec5,吉田 颯太,Helene_Pagac@gmail.com,eS5Vh7X5LHR50V6,059-265-9619
10,4ede6985-f204-44f4-ac89-5856fd2b44f7,林 大翔,Olen.Hackett@yahoo.com,t_qZmiC4OBJ4CQy,0999-53-9959
3,a1ab6be2-3189-4114-afee-cb194ca68a78,鈴木 樹,Orion46@yahoo.com,THDm7mqv3TLMTD9,097-096-0907
93,89a31d22-4ea2-4284-b87c-f2bd6895cbad,小林 愛菜,Mylene.Little@yahoo.com,cvFlwt7LOPJOR0o,02596-3-6449
45,cb3d16b4-497d-4f16-94a2-0dd5f2c181e1,高橋 太一,Laurel.Langworth@hotmail.com,KWN0XwJuCdIAwRI,081-617-3269
32,6290698e-fe9d-4be7-8ca3-71b07137fc8e,松本 結衣,Jeffrey_Buckridge@hotmail.com,rITZnqRFAjjzttL,0636-87-4423
176,4c9bef36-76ef-43b1-9400-f5a7708830f4,井上 大翔,Adalberto20@yahoo.com,gocuhYb1Z_OE707,054-794-2387
21,ad588d46-2b6e-43e8-b6a7-9aa932cc08ef,佐々木 心愛,Camila.Gleason@gmail.com,fYCfijqqa5KaAN3,07643-6-6903
99,a5bd0ce9-6035-41d5-b0ea-4da9c9814f06,木村 結衣,Karson48@yahoo.com,IxZOF7niHfBrUAF,0145-71-8824
166,18c6d45e-68bf-4117-97b6-1cca46d27f97,佐々木 大翔,Tressa.West29@hotmail.com,4XtJIbixGeYEyYH,01-1694-7623
90,73fff136-497e-4ebd-90f6-e57f11206ab4,山田 蓮,Wilhelm.Goldner40@yahoo.com,0VMrbbFlyhzFca4,083-118-6505
37,3e12e82a-793c-4439-b0c9-a839294488c7,斎藤 結衣,Lesley.Legros27@hotmail.com,emuqqi8WqJ7Wk3p,04502-0-6020
76,825aa96e-f50d-49ec-86cc-2ba51a43b266,鈴木 心愛,Jaren_Schulist@hotmail.com,l4KZOloww6e0V2s,07-9379-6519
137,74c74753-da73-4e95-ba91-88e757de3bd2,中村 心愛,Ismael.Mills87@hotmail.com,5uVuuRpUP2ikyns,053-953-3431
111,226048c6-4a3d-4cdc-a007-3a0cf6fd5da0,伊藤 樹,Rubie.Stoltenberg@gmail.com,vvErZLLcEg_5gxG,0108-35-4885
238,c192c905-976a-4f34-a9b2-ece16ad308c9,木村 陸斗,Alexys.McClure@yahoo.com,GcoxNXToEZhKHUl,090-917-2606
44,73d20070-3de3-44bd-b7a7-e09cd47418ad,渡辺 陸斗,Bernardo.Herzog@yahoo.com,KWxE3imsfmaDDci,07-4963-2444
59,1494763a-50ab-4f7e-b53a-042ff5fe07df,吉田 陽菜,Leila_Fritsch92@yahoo.com,esrnLWL3tMMUL51,02348-4-8437
72,6ef93011-bf27-4040-81dd-5077f07d785a,山口 心愛,Albert83@yahoo.com,KBwlnsyFsrg6BYT,01-1249-5625
125,df33685b-eb2e-4a1e-bffc-4c552c957daa,渡辺 莉子,Kenyon_Barton@hotmail.com,uDMl8LMG4zqkzz8,09-1154-6359
196,d3653101-92d3-458b-814f-618a7afd8232,吉田 太一,Rose.Fay@yahoo.com,5WhycWziXIOl1Cj,08-4849-9407
37,d8d51181-e078-48f4-9430-dea6cd56b8af,吉田 大翔,Virginia32@gmail.com,PDkHhXYsVfVgFeD,0361-35-9347
99,b2c1d6e0-d32a-4541-bfe1-73ddd34ab66c,渡辺 蓮,Cedrick.Nader@hotmail.com,CpOfWfwMoM7K2hs,025-878-7316
20,77be9469-2e92-4c5d-bbd6-533181e22793,松本 美羽,Cory17@gmail.com,ZopGYVoPq2qxy6Y,00896-9-5501
65,51c29e9a-e259-4552-b189-b4c86741dae3,山田 結愛,Devin.Kuhlman@gmail.com,MdZ4Bhx5IEbeM8u,0872-98-1934
276,e5a8ea34-4155-4d44-af60-66e99b8c62ee,斎藤 美咲,Adalberto.Armstrong@gmail.com,mX5TBPq2H6gprNN,04746-5-1977
83,256082ff-a122-478e-8ca2-2a541ceef850,山田 颯太,Zakary_Sawayn@yahoo.com,G9XUIDYIVitfPaD,0146-52-4061
260,c92023f9-a03a-48f3-9f0a-0a0641baa126,山本 結愛,Noelia81@gmail.com,dunrhOQLv_Ub5Vw,04-4844-3497
2,25bc786f-fe1c-4193-b9fe-0d81c9fa6278,林 太一,Karianne_Davis@gmail.com,V3ykDYflOKw9lYi,033-518-4005
116,1b0c0812-5268-4ae9-8bb7-6cd9c3da0697,斎藤 陽菜,Alfonso.Legros99@hotmail.com,HbvK5tn2vCvHAfp,09-4542-0243
6,92a1caa4-8105-485b-8243-3508f478f8f4,山本 心愛,Jarret_Bins4@yahoo.com,te2k7zbiISomRXK,013-588-4451
73,010ba473-8f4f-4281-9de5-96efdae1e4fc,山本 蒼空,Demetris_Rohan49@yahoo.com,84vwSOdoQMg0WuB,00-8411-7825
16,119aa291-cc81-417a-9c4e-6be3f80af5a5,伊藤 翼,Carissa.Beatty@gmail.com,ih7gZpTuFzPo4Dp,05244-4-3949
161,5d136c64-ba7d-4783-b43e-c67a374e8cf9,山口 陸斗,Herminia23@yahoo.com,D5ysH9i81VaWD3R,0197-90-0551
24,5f07a8d5-2f3b-46d9-8166-3ad4b35df0a5,中村 美咲,Marietta.Littel44@yahoo.com,doGsU3uCmwn39Zd,049-837-5525
470,acdaf00d-b9f0-4909-bd82-d232f94d1539,木村 颯太,Chyna_Bogan96@hotmail.com,lak3aVycUJnwsZ6,08795-2-7864
100,afd0b0cc-be2a-46aa-9105-eb09f570c27a,林 蒼空,Adrien.Casper95@hotmail.com,QOEz9z1hNOQN44N,0153-62-6963
194,e6a4620a-4ed6-4bfe-996d-5238ec0c1e64,斎藤 結菜,Annamae.Schaefer@yahoo.com,tG6cFvet1gNtSNw,05394-5-4316
53,37e8f339-4b21-4712-a416-bc8dbbdcc014,清水 陸斗,Mckenzie_Waters12@gmail.com,gBNMiGM98JNbHBN,03-2834-3197
194,30e438df-3534-422b-bed8-cbb5d3691cb0,斎藤 美羽,Oswaldo_Spencer@yahoo.com,GDTCRzbgIbnP0Jq,001-289-3196
21,f07b49ec-76d5-4115-a4c8-3197919305a5,吉田 結衣,Lindsey_Brekke@hotmail.com,hhCuWfj9EBbIVW7,0168-67-0796
65,043b2fb9-b598-4efd-ba0e-5e21146ded2e,佐藤 美咲,Seamus.Heathcote@yahoo.com,r7WYJIkEcmHyCB4,0981-65-5221
80,0da2bd85-993d-4790-ba9a-f2620052cd20,木村 蒼空,Brianne.Morissette43@yahoo.com,tcK1b8Iv6d8M4I2,048-161-6820
55,a32b0328-ee31-4ff9-802e-78a16c9e1631,清水 翼,Jan_Bednar@yahoo.com,mzdBqhY4qsG7ThK,0310-55-6017
182,c4649041-488b-4d86-bb57-58af5c436388,山本 樹,Gloria79@yahoo.com,K0ThKNlbRgsKaUl,0896-93-2992
28,fc082989-a42e-46d5-8207-f6a4182f8824,斎藤 心愛,Valentine73@yahoo.com,C7XwJXu68kiHcFI,0203-20-0006
72,05622a27-7217-4485-9590-630fde44b578,田中 颯太,Susana15@yahoo.com,TKNnaSn8joYuPac,0144-28-2849
3,45adc543-7920-4e79-9e1a-5d8f56944675,小林 蓮,Mohammad.Pouros@hotmail.com,rCA3SBTRDRpCgGm,070-338-7511
12,cfb93ebe-de0a-4cad-b540-d21a5338c7a7,田中 結愛,Jonathon_Rodriguez82@hotmail.com,OsaEzSdl7Rqzwmg,0450-17-3715
88,f8ad5b3a-d2cc-40f7-832e-0fb45656d928,田中 陽翔,Haskell35@hotmail.com,b3mCbkcObO57nEp,06101-2-3074
30,7e573a0f-e7e5-4141-b4cd-3ea52f2b4a5b,林 樹,August_Spinka53@gmail.com,G644oHAxuLGZet_,089-690-3183
22,f0bcb5a5-c3a2-419f-a9b5-b04c5eb91758,中村 結菜,Stephania.Heidenreich57@yahoo.com,RNAxukI5lmhgKBO,056-162-5844
47,487cd437-5719-4fbb-a4de-d33ddf515f4f,木村 大翔,Kristoffer_Heidenreich@yahoo.com,0eQhWiLNu5F296h,0773-20-7328
60,3790518f-6e13-4870-9d81-c9cefc859829,高橋 莉子,Manuel.Schuster@gmail.com,uTrIxDwkbOyS4T6,02-1842-0516
124,83368055-d016-4ee7-abd4-572835b4717d,佐藤 美羽,Katlyn.Mosciski@gmail.com,nLe6wajR0ZUWBXh,08-4252-9289
71,c45f2a1f-283b-45ac-861e-b4688b106546,加藤 颯太,Burley.Hills@hotmail.com,GGkp1NdjzLmFGfa,0300-49-6754
336,0a0e2d98-3222-4acb-b85d-7abc81704e27,中村 蓮,Daron_Towne78@yahoo.com,mXb5vgV4TEX9m6j,042-910-9748
22,5568d613-626c-4f70-857f-e5f2be443d22,小林 杏,Hollie_Zulauf93@hotmail.com,tHdEEnIjGh9xbBp,043-619-0562
58,1dbe7dfc-4928-4fd4-b787-6b93bbbe8ffa,伊藤 杏,Deshawn_Windler84@yahoo.com,181Ca85Qz0jeoTq,033-242-8502
38,cae4371d-3513-4790-ae07-3f896422c954,田中 陽翔,Guido90@gmail.com,4tOP1c2rC3ZkaQ6,0427-93-7324
102,99509e26-dea0-4f2c-897c-b4aa9be7cee3,林 愛菜,Lisa_Keebler65@hotmail.com,5SLfIhSOJZzszx7,065-558-3126
1,1776c8dc-83ce-463b-b92a-0b146fd16ca8,田中 陸斗,Sarina_Spencer@yahoo.com,fX5VN16UEEXeSVR,06209-5-1755
329,8152c0c2-ca16-4278-a43d-a8c4782e8fed,鈴木 美咲,Jane.Treutel@yahoo.com,76qTRjHV76Rvkht,04-4342-8783
80,d2021b68-fe99-4cb8-ab65-d6eda3f62069,斎藤 美羽,Zoey45@hotmail.com,MiNSRueMwM0xkCM,080-903-7358
47,9fbe2360-71d5-427c-8b13-783c48119421,小林 蓮,Gay26@yahoo.com,XMTutV3IfgKdUgc,04034-5-5601
425,9bf99617-5da7-4d3b-bd7d-5af1b6a5fa09,佐々木 美羽,Regan.Anderson23@yahoo.com,y3Gl6DNA11Vxj7O,04944-2-2007
51,4d3cb40a-d3c0-4461-98dd-6b4abdbdfa2c,渡辺 蒼空,Alvena58@hotmail.com,8LktdpzDI6YxFBu,05-9727-1182
209,72a2464b-2d6c-4910-b054-c7de92ac40cd,吉田 大和,Carlos_Maggio7@yahoo.com,08ZneWNshDNy1dc,040-502-4814
17,0407dc61-d23c-4e2a-ad7e-feece9a7e3a1,小林 結衣,Doug_Nikolaus@hotmail.com,6SYYDWbxknndHUY,03-6544-3520
14,04a52979-3a4f-44f8-9b3f-718067dec5fb,高橋 蒼空,Vidal.Douglas@gmail.com,bqrSRbaTA92GhCQ,021-921-8214
120,29d02444-6a22-43fc-80ca-e76d6435a207,山田 蓮,Geraldine.Ruecker39@yahoo.com,OpF0l6DspZQNhnF,00-4169-8183
150,e44d9a7e-0cb5-45ef-afcc-f0501a722748,伊藤 陽翔,Jeanette34@hotmail.com,QIaML65D5dwSYpu,0067-46-3201
79,e64c595e-0444-4963-8caa-33faeffc86ff,山口 結衣,Adolf76@gmail.com,dgtVpfmArRcL8c1,03-0028-9883
254,6dfbd025-db96-485b-8a25-9e1082445b4c,木村 杏,Lisette14@gmail.com,n6xrUxm_xhzI20M,06488-7-7184
0,55b119eb-b1d8-474e-a64e-4fe35f8d260f,田中 大和,Jovani.Wyman@yahoo.com,_tJZS_B4da9BOeF,00454-4-9919
10,05c2f23a-f476-4757-89e0-97e1624ee9f7,山本 大和,Elisa.Rodriguez@gmail.com,cjeYdDdpJyPqY1X,02475-2-3502
32,6ad1a08b-9681-427f-a6cc-35ce898b1acb,加藤 美咲,Ebony.Wilderman@hotmail.com,YwXJsYzeBG_uMrv,01380-2-9665
85,cf4a3242-aee0-4d60-8527-b9fdee13636c,山口 結愛,Eliseo.Rippin98@yahoo.com,q90uru8FDRFGCL2,067-183-0323
221,3206d459-51e4-49a4-8de0-0f223cdf634a,佐藤 颯太,Carleton47@hotmail.com,78NoI8B1pWdoJFE,0656-54-3733
10,3b0d6a93-5b0a-47f2-a358-4272036f5362,田中 海翔,Jan41@gmail.com,8uohpCvo0pTkQSQ,07-4856-4107
135,7b32b520-13c2-488e-869b-6e094055fdd6,井上 陽翔,Aaliyah_Wolff@gmail.com,wB2tBd_plyB2qE6,000-399-3233
142,edff0d4c-1200-4a5b-8fa7-61c8619ab279,山口 美羽,Otho_Stamm@hotmail.com,sY2m7szEN6BGgZm,07758-9-0754
2,2da92309-4119-4a84-92ac-589130e76bfb,佐々木 美羽,Laverna92@hotmail.com,D4k_A7rFAiwbEux,0445-14-3860
5,e97ba531-3c55-467a-ab07-d2775e4f02aa,山口 莉子,Kamille.McClure@gmail.com,IrOag6aQeZSGwoz,0508-56-7730
59,3d8c77a0-508e-4b8e-835e-6cedaa00d66d,中村 颯太,Dallas_Stoltenberg45@hotmail.com,yusGe1aHicg7tSL,0362-35-3054
76,27356275-f192-46a2-94fe-ad26dc3edc56,井上 太一,Jamar.Ratke@gmail.com,7Ym2e2afqpc3p75,05603-9-3251
